Actual,Predicted
115.5699997,145.88927
113.0599976,145.7672
114.8099976,145.7431
115.8300018,145.82935
114.9899979,145.63995
116.2900009,145.64507
112.5999985,145.40451
112.5999985,145.58774
111.5100021,145.55783
111.0999985,145.72632
115.9499969,145.85985
113.4100037,145.92017
114.3499985,145.86002
115.3199997,145.65776
116.1200027,145.78851
120.0299988,145.72713
120.4000015,145.90717
119.0,145.94508
114.9899979,145.94536
114.2900009,146.05788
110.3899994,145.93233
109.1299973,146.04742
106.8399963,146.03836
106.7699966,145.92987
105.0800018,145.92711
105.2600021,145.46748
108.2099991,145.3322
108.1299973,145.07228
107.4499969,145.48616
105.3099976,145.25552
106.6900024,145.6174
105.6200027,145.71553
104.5899963,145.88757
105.5699997,145.86743
105.1399994,145.87634
104.0999985,145.946
106.4100037,145.73152
106.9899979,145.72708
108.5699997,145.69868
109.5500031,145.86531
107.9100037,145.73941
105.8199997,145.82858
106.25,145.91962
107.0800018,145.93361
109.2600021,145.94713
108.9499969,146.00653
107.2200012,145.87422
107.5400009,145.85495
107.9300003,145.7994
106.5999985,145.79243
107.1399994,145.84662
108.5999985,145.93385
108.0999985,145.91005
106.3199997,145.91034
108.6900024,145.76491
108.3499985,145.74805
107.5999985,145.88266
106.3199997,145.88628
103.5400009,145.79407
101.3799973,145.91377
98.73999786,145.90416
99.51000214,145.84146
98.26999664,145.75041
100.6600037,145.83443
98.43000031,145.52882
101.5800018,145.34702
104.2600021,145.38191
104.9599991,145.30257
103.6800003,145.63753
103.3600006,145.60887
104.6999969,145.9293
104.8499985,145.89278
105.4400024,146.035
107.4499969,145.90067
107.3399963,146.02145
107.3199997,145.9602
106.3700027,145.86617
102.9599991,145.83444
101.6999969,145.93228
102.4700012,145.97696
101.4499969,145.94151
100.6200027,145.91154
101.2699966,145.84122
101.9599991,145.61436
102.6100006,145.5948
104.8199997,145.54611
98.44000244,145.48473
101.3799973,145.71675
99.79000092,145.84212
100.8199997,145.80669
100.6100006,145.90472
101.5299988,145.81482
99.61000061,145.8714
100.6100006,145.6857
99.55000305,145.85196
100.6399994,145.36967
102.6200027,145.97534
102.2699966,145.71507
100.5899963,145.88268
103.4100037,145.7503
103.3300018,145.85281
103.8199997,145.7809
103.5,145.93246
105.5400009,145.82909
105.4899979,145.9457
105.6500015,145.92989
104.5,145.88487
103.1999969,145.83165
101.6900024,146.00658
101.0800018,145.89125
102.4800034,145.9351
101.9899979,145.8615
103.2399979,145.89299
105.8000031,145.68933
107.1200027,145.66069
106.5,145.64561
109.9499969,145.69156
103.9599991,145.80211
100.2600021,145.91826
99.84999847,146.00778
101.5199966,145.96083
99.98999786,146.03758
99.63999939,145.94214
99.18000031,145.76672
99.77999878,145.41489
99.77999878,145.69978
102.0699997,145.07864
105.6600037,145.55714
106.5400009,145.75894
107.8600006,145.85475
107.9800034,145.69815
108.8199997,145.87097
109.0100021,145.95555
108.5599976,146.02028
109.3000031,146.03467
108.8600006,146.05533
109.6800003,146.0544
109.6800003,145.95798
109.5999985,145.9481
110.5699997,145.9015
110.7600021,145.9012
111.5999985,145.89366
111.2300034,145.86609
109.9700012,145.91641
110.0699997,145.88579
112.3099976,145.93147
115.9599991,145.92386
117.4100037,145.91272
117.4199982,145.91502
116.9499969,145.85486
117.7699966,145.90811
117.7900009,145.95786
117.5800018,146.00471
117.2799988,146.05379
119.1999969,146.06268
118.9400024,146.05235
119.6200027,145.96103
120.5800018,145.90944
119.8000031,145.88524
120.9000015,145.95946
120.2900009,145.92651
118.6200027,145.95572
120.3399963,145.96333
121.2399979,146.00055
120.6299973,145.94684
121.0199966,145.94888
122.0800018,145.91792
120.6699982,145.87053
120.7399979,145.94507
121.0100021,145.90593
118.6600037,145.90236
120.3499985,146.00562
118.8099976,145.9436
117.4499969,145.89577
118.1699982,145.91542
114.6299973,145.87788
115.0699997,145.82031
116.4599991,145.837
119.4499969,145.8394
120.8000031,145.72636
117.6600037,145.82059
117.0999985,145.67397
118.3199997,145.72978
117.6299973,145.94833
115.9899979,145.8997
116.0599976,146.00803
115.2600021,145.98813
115.3300018,145.97002
117.0699997,145.87192
116.4400024,145.665
115.8899994,145.83157
116.4199982,145.85497
115.3199997,145.77826
115.1500015,145.81851
114.6900024,145.90811
115.0899963,145.88972
115.4300003,145.91734
115.0500031,145.9261
114.8899994,145.82335
116.1399994,145.81314
115.2699966,145.87439
115.4499969,145.82402
115.25,145.88245
115.5,145.87444
114.8499985,145.92584
114.8099976,145.90146
115.6600037,145.89294
114.7300034,145.88345
113.3799973,145.93088
113.1699982,145.82854
110.5599976,145.88275
112.4800034,145.8788
113.8099976,145.88153
111.8099976,145.82234
110.8600006,145.82516
111.9499969,145.76018
111.7799988,145.73334
112.4899979,145.77477
112.5699997,145.85425
113.2399979,145.75264
114.0400009,145.93199
114.5100021,145.87209
113.7799988,145.7881
114.5100021,145.87389
117.8000031,145.96062
117.6500015,145.9255
118.3000031,145.96408
118.5299988,145.92688
117.7699966,145.94727
116.8300018,145.98637
117.5599976,145.98488
117.8799973,145.99016
121.4599991,146.00975
121.4599991,146.02643
122.9800034,145.87285
121.8600006,145.9
123.0699997,145.87917
121.0599976,145.9489
121.9800034,145.97343
121.0,146.05191
121.8399963,146.01015
121.6699982,146.06334
121.1100006,145.89954
120.6600037,145.96307
120.9000015,145.81104
119.3899994,145.94215
118.4199982,145.81494
117.0400009,145.94269
117.1999969,145.85379
118.5500031,145.92085
121.1900024,145.83673
120.4400024,145.80472
120.1299973,145.75276
119.7399979,145.78915
119.7600021,145.76349
119.9100037,145.91869
119.6399994,145.94116
119.8099976,145.99898
118.4100037,145.98442
118.7900009,145.97943
119.3099976,145.84668
118.9199982,145.88
118.2900009,145.89078
117.6399994,145.87276
119.0599976,145.8821
118.9800034,145.86427
116.6900024,145.89253
116.0699997,145.83485
115.75,145.8896
115.2600021,145.9075
114.5299988,145.87634
115.1200027,145.84726
113.3099976,145.82127
113.0400009,145.85263
113.2699966,145.76154
111.9199982,145.66885
112.8899994,145.82028
114.1299973,145.79185
114.4700012,145.79614
113.6100006,145.77823
113.3499985,145.81717
113.6999969,145.7552
114.3000031,145.8773
114.4000015,145.92868
114.5899963,145.8768
113.7699966,145.94402
114.2399979,145.91965
113.1500015,145.88751
114.7399979,145.86317
113.3899994,145.90979
113.3399963,145.90723
112.9100037,145.91139
112.6500015,145.84679
111.8000031,145.89479
112.1900024,145.81902
112.6600037,145.89786
113.4000015,145.79881
112.0899963,145.90262
113.2399979,145.74107
113.2399979,145.8364
112.2099991,145.8332
112.2099991,145.88495
111.3899994,145.85104
110.8300018,145.92755
110.5100021,145.90315
111.3600006,145.89706
111.7300034,145.80807
112.4100037,145.87665
110.25,145.79984
110.0599976,145.74438
108.6200027,145.83578
108.5199966,145.82982
108.0100021,145.8936
106.1399994,145.86131
105.5,145.88802
105.9100037,145.76875
105.9800034,145.77611
106.4000015,145.60965
105.4400024,145.71947
104.1800003,145.6369
106.1200027,145.72987
105.3199997,145.73663
104.6200027,145.74333
106.0,145.81558
106.5800018,145.82782
106.9899979,145.8352
108.7200012,145.82204
109.9100037,145.78601
109.4100037,145.816
108.1399994,145.94226
108.3000031,145.86455
109.2399979,145.92618
108.8700027,146.00119
109.1600037,145.97015
109.9100037,145.92882
110.1900024,145.93011
108.4599991,145.88435
105.8099976,145.81604
106.8399963,145.83118
106.4599991,145.90831
106.4100037,145.93388
106.9199982,145.84602
105.7900009,145.7877
106.7699966,145.77853
107.5599976,145.70447
107.5,145.67456
108.0800018,145.71541
107.3199997,145.8803
107.3000031,145.83936
107.0999985,145.86606
107.8799973,145.90332
107.5400009,145.86638
108.4000015,145.92146
109.3700027,145.89445
107.7600021,145.8305
107.8000031,145.87558
107.5299988,145.81589
105.7799988,145.89072
105.7399979,145.90228
106.4499969,145.9087
107.4100037,145.85896
106.6999969,145.86266
105.7799988,145.8041
104.9000015,145.66765
104.6999969,145.78537
103.8199997,145.82426
104.5599976,145.78812
105.4899979,145.86647
105.2399979,145.83902
104.9800034,145.80624
104.5400009,145.68289
105.3099976,145.7355
104.3399963,145.79337
105.0199966,145.85638
106.0299988,145.84175
108.5299988,145.88318
107.4499969,145.8816
108.4700012,145.79607
108.2200012,145.83537
108.2099991,145.84883
109.8700027,145.9595
109.8399963,145.90079
110.1999969,145.98569
110.3300018,145.95042
110.0,145.97102
109.6999969,145.86041
109.8399963,145.94373
109.3099976,145.91812
109.4100037,145.92088
110.1299973,145.95067
110.7699966,145.86191
111.6699982,145.87036
112.2600021,145.83961
112.8399963,145.82884
114.1699982,145.85194
114.1900024,145.89586
112.7300034,145.90805
113.6399994,145.94984
114.1299973,145.97421
114.2200012,145.98221
113.0999985,145.98004
112.3799973,145.9374
112.1200027,145.9268
113.0299988,145.9261
113.2799988,145.89049
112.3899994,145.8242
111.4499969,145.8976
111.7300034,145.83401
112.7200012,145.83429
112.8700027,145.8162
112.8499985,145.8543
112.2200012,145.85175
112.8399963,145.87624
112.2699966,145.85612
112.0800018,145.84305
112.2900009,145.87895
112.9800034,145.9089
113.0299988,145.92508
113.6200027,145.86185
113.7300034,145.86032
114.2799988,145.83698
114.9700012,145.90576
116.2300034,145.86995
116.5400009,145.91464
116.6100006,145.92679
117.0999985,145.94768
117.6900024,145.93234
117.5899963,145.97177
120.0599976,145.96391
120.3700027,145.97786
120.0500031,145.9724
120.6299973,145.97829
120.9700012,145.9394
121.3300018,145.97652
121.4899979,145.99046
119.5999985,145.9985
119.1699982,145.97305
119.3099976,146.0153
120.3399963,145.94785
120.9700012,145.93443
120.8399963,145.92184
121.8700027,145.88126
121.6699982,145.84819
124.0800018,145.87334
123.5599976,145.84811
123.1900024,145.94092
123.3799973,145.97577
123.4199982,145.98164
123.3099976,146.0028
124.2600021,145.97191
123.0699997,146.00447
123.7099991,145.9466
122.7699966,145.99522
123.8799973,145.88956
122.3399963,145.92798
123.8499985,145.9249
124.2300034,145.93602
124.3899994,145.89363
124.0,145.95299
124.4300003,145.83443
125.3099976,145.955
125.6200027,145.89784
125.6299973,145.98698
127.4599991,145.89891
127.9800034,145.99393
125.4599991,145.95692
124.4899979,145.96158
125.6699982,145.95529
124.8700027,146.00342
123.6600037,146.01312
124.3700027,145.96391
123.2900009,145.9132
124.2900009,145.93959
125.7799988,145.8602
126.0800018,145.74937
126.0500031,145.86731
125.9800034,145.90993
126.9599991,145.87097
126.5500031,145.90729
126.3399963,145.9948
124.3600006,145.95847
123.9199982,146.0036
123.6800003,146.00478
122.9700012,145.95354
123.3899994,145.94603
124.4499969,145.88974
123.9300003,145.89601
124.25,145.79855
124.9199982,145.81271
125.0,145.7811
124.3399963,145.90527
127.3199997,145.9226
127.0100021,145.93117
127.6299973,145.96849
128.2799988,145.97948
128.3200073,145.91972
127.9800034,145.99472
128.2299957,145.99263
128.2700043,146.00691
127.1699982,145.98781
128.3699951,146.0509
130.1300049,145.951
132.1600037,145.97433
133.8600006,145.95998
134.7700043,145.91675
133.7200012,145.92834
136.3999939,145.97421
136.9100037,146.01866
137.1999969,146.03711
137.9700012,146.08525
140.7200012,146.07109
138.6300049,146.07552
139.8500061,146.05203
139.3999939,146.04607
139.2799988,146.0115
139.0299988,146.09001
138.1799927,146.02643
139.5599976,146.04042
139.5299988,146.0126
139.6199951,146.03969
137.9199982,145.8921
138.8000031,145.98651
136.6199951,145.95326
131.9299927,145.96835
138.7599945,145.98677
136.8800049,145.94168
134.4299927,146.0041
136.5700073,145.89366
138.7599945,145.78683
135.0399933,145.8671
135.4700012,145.92404
135.2799988,145.8866
136.1999969,145.84717
136.1999969,146.1062
134.8000031,145.8638
135.2299957,145.90808
137.0299988,145.98947
138.4299927,145.98863
136.0299988,145.81282
134.6000061,145.97868
130.3899994,145.95325
130.5899963,145.99591
130.9799957,146.00505
131.3399963,145.96129
129.8200073,145.98482
129.5599976,145.86978
129.6999969,145.78877
130.3399963,145.56416
130.0,145.78383
130.0,145.70819
130.3899994,145.93799
129.9100037,145.9169
127.8399963,145.93071
129.25,145.88211
129.2799988,145.95009
127.0199966,145.96133
124.5,145.96146
127.3099976,145.8843
128.0399933,145.91565
129.3699951,145.9121
130.3699951,145.86287
126.5899963,145.73071
128.3500061,145.9207
127.7600021,145.87251
127.4000015,145.91368
125.3700027,145.97218
126.1699982,146.0382
128.2599945,145.9761
127.8099976,145.92444
128.6300049,145.92374
128.5299988,145.6749
128.8200073,145.95284
129.3399963,145.88982
129.0700073,145.93611
128.4900055,145.94252
129.2299957,146.01038
129.0700073,146.02437
129.4700012,145.95189
131.1000061,145.98352
131.6100006,145.94136
131.0099945,145.95688
130.9799957,145.9507
130.9700012,145.94348
130.1799927,145.96997
130.1100006,146.01646
131.3200073,145.99336
131.5099945,145.99655
130.8999939,145.99886
136.2899933,145.93655
138.3899994,145.89793
138.0700073,145.94252
138.1399994,145.95673
136.2200012,145.94403
137.3500061,146.04321
136.6699982,146.08228
136.0399933,146.08717
136.4499969,146.07146
135.7400055,146.09851
134.8300018,146.01324
132.4400024,145.90628
129.9600067,145.93454
126.6999969,145.88144
127.2300034,145.97202
127.9700012,145.89752
131.3099976,145.84146
134.2799988,145.7981
133.4600067,145.57434
136.1699982,145.5862
136.4499969,145.58446
136.2100067,145.84998
137.1499939,145.97826
134.5500031,146.07872
135.4100037,146.09502
135.4400024,146.10097
135.8099976,146.08115
136.5200043,146.00456
136.1499939,146.02739
134.3699951,145.95578
132.6600037,145.9126
131.0,145.97455
128.5700073,145.89726
129.2100067,146.01117
127.1100006,145.9526
129.0899963,145.90596
128.8099976,145.83347
127.9300003,145.67876
127.4000015,145.64824
129.0700073,145.63333
129.5599976,145.80084
130.6999969,145.80293
129.2700043,145.95634
128.0599976,145.84389
129.1799927,145.9994
129.5099945,145.93628
129.5099945,145.9758
131.4499969,145.9713
132.0899963,145.99573
131.7700043,145.93639
131.8000031,145.94809
131.7299957,145.8926
132.5800018,145.96706
132.2100067,146.03297
133.3300018,146.01561
134.4600067,145.99953
134.9799957,146.0187
131.8399963,145.98077
131.6300049,145.94833
131.0500031,145.98753
131.3000031,145.99898
128.4499969,146.03162
128.5200043,145.95306
127.0899963,145.96791
125.4499969,145.89156
124.2300034,145.8767
123.5,145.6594
123.4499969,145.85857
121.8499985,145.76808
122.7600021,145.78711
123.2799988,145.58992
123.2699966,145.76746
122.5699997,145.70934
123.7399979,145.70862
122.2600021,145.80975
122.8399963,145.85896
126.4700012,145.92003
126.0699997,145.86899
127.4800034,145.97482
125.2600021,145.9146
124.0800018,145.91592
122.0100021,145.95638
120.4700012,146.01607
120.1900024,146.0025
119.3000031,146.0051
119.1800003,146.02446
119.1800003,145.76146
119.9100037,145.77985
121.9599991,145.5488
122.2799988,145.65993
122.4800034,145.68427
125.0299988,145.77133
125.3199997,145.88084
124.9499969,145.92543
124.7200012,145.97884
124.0,145.99823
124.8799973,146.03427
125.1399994,146.04759
124.6100006,146.0083
124.3499985,145.98471
124.8199997,145.99905
125.7099991,145.9199
122.6999969,145.90495
122.1800003,145.9224
121.5,145.90549
121.7200012,145.95464
119.9199982,145.94363
117.7799988,145.864
116.75,145.86426
116.7600021,145.81973
115.6299973,145.84209
118.0400009,145.62354
117.7300034,145.75789
116.6699982,145.68611
116.3199997,145.7244
117.0999985,145.61221
117.9700012,145.77263
114.5699997,145.86116
116.6600037,145.92133
117.3000031,145.85684
115.3099976,145.9653
116.2399979,145.87668
117.0500031,145.79489
117.6999969,145.88875
115.4599991,145.89984
115.4100037,145.88976
117.5800018,145.75249
119.3099976,145.97237
117.2900009,145.93605
117.2399979,145.80849
115.5699997,145.92445
115.1100006,145.91457
116.8799973,145.95297
117.0,145.86511
116.9599991,145.95813
117.1399994,145.93358
117.2900009,145.86386
119.25,145.72752
119.7099991,145.87827
121.2699966,145.86607
121.0,145.92712
121.5800018,145.97784
121.7799988,145.94989
121.4800034,145.96164
123.5100021,146.00719
120.8799973,145.99686
121.8300018,146.03334
119.9700012,145.97308
120.9400024,145.9845
120.4100037,145.95535
121.8899994,145.92964
120.7799988,145.93991
120.0999985,145.83505
119.5500031,145.94344
120.0100021,145.71922
119.3799973,145.95685
118.4499969,145.83705
113.9599991,145.94943
111.8099976,145.84921
113.7200012,145.92046
115.4800034,145.79974
116.3399963,145.83224
116.0800018,145.69324
116.2799988,145.62962
114.6500015,145.55194
119.7300034,145.68344
121.2799988,145.71155
122.3099976,145.91948
122.9199982,146.02283
122.9199982,145.95105
125.0699997,145.98778
125.3899994,145.98277
126.2799988,146.0514
125.6600037,146.02554
124.9199982,146.10211
125.3499985,146.03773
123.5999985,146.01718
122.4700012,146.02344
122.8300018,145.98961
123.7200012,146.01181
122.4800034,145.93274
122.2699966,145.8981
123.0400009,145.8081
123.1699982,145.80159
122.0,145.88303
122.9000015,145.80222
123.4700012,145.87012
121.0500031,145.92621
118.1100006,145.93996
117.3099976,145.85507
117.1500015,145.92337
119.7799988,145.94843
119.6299973,145.88454
119.25,145.74565
121.1500015,145.76315
121.4899979,145.68512
122.7900009,145.68451
121.2399979,145.78644
121.8199997,145.9423
122.4100037,145.98196
123.2300034,146.03032
122.3199997,145.98366
121.0400009,145.95227
120.3399963,146.00821
118.4199982,145.93448
118.2600021,145.97841
117.9800034,145.87955
117.2399979,145.93616
117.7099991,145.88171
119.1299973,145.80542
118.7600021,145.70982
119.3099976,145.7022
117.6999969,145.76529
118.9700012,145.76248
119.5100021,145.90295
119.7300034,145.91243
119.6699982,145.93147
120.4400024,145.92644
120.2200012,145.9597
120.4899979,145.8849
121.7699966,145.94745
121.0299988,145.88515
119.0699997,145.98914
118.0199966,145.94649
119.8799973,145.94142
120.6500015,145.95004
121.0699997,145.96074
122.0800018,145.88907
122.5400009,145.85008
122.2399979,145.89058
122.0599976,145.83969
122.1800003,145.88298
121.0400009,145.96428
122.4000015,146.03119
121.9700012,145.98697
121.75,145.9601
124.0800018,145.95721
125.1600037,145.89928
124.1600037,145.90082
124.9400024,145.89429
122.8799973,145.9225
123.1900024,145.92824
123.6200027,146.01756
123.8099976,145.97386
123.5999985,145.9901
122.9199982,145.98688
122.5899963,145.92656
123.6500015,145.83112
122.9800034,145.92953
122.5,145.8429
121.7600021,145.93346
119.3199997,145.91278
119.2699966,145.91353
118.2600021,145.89207
119.0699997,145.8884
120.6399994,145.87729
119.9000015,145.85312
118.4000015,145.74664
118.1100006,145.7146
118.25,145.7756
117.3199997,145.7937
117.4700012,145.92987
118.5500031,145.88243
119.4000015,145.91345
119.5500031,145.89853
119.75,145.77748
117.5800018,145.78923
118.1299973,145.88406
119.5400009,145.93246
120.2200012,145.92479
121.3000031,145.96982
122.3899994,145.9373
123.4899979,145.90976
124.9899979,145.88092
125.6800003,145.92508
124.7900009,145.90996
124.3899994,146.01825
124.3899994,146.03929
125.3700027,146.03372
125.2099991,146.0426
125.8000031,146.02232
124.8300018,145.993
124.7900009,145.96487
123.9300003,145.93907
123.2900009,145.89542
123.6699982,145.9497
123.9899979,145.93987
125.7900009,145.95918
127.0,145.878
126.8300018,145.8888
126.5699997,145.82974
126.8700027,145.89243
126.9000015,145.92729
127.3799973,145.97997
126.75,146.0176
127.7099991,146.0048
127.6299973,146.01514
128.6100006,145.9742
129.3600006,145.93889
129.8099976,145.9292
130.1699982,145.96552
131.1399994,145.9471
131.75,145.98407
133.0,145.96646
132.5,146.01848
131.9499969,145.99434
131.7299957,146.0242
131.1300049,146.0168
129.0500031,146.02477
129.6199951,146.01257
128.9499969,146.0108
128.3000031,145.97089
127.0500031,145.95587
128.2200012,145.83688
129.3500061,145.85147
128.9799957,145.84052
128.2299957,145.84512
129.4199982,145.7689
126.4800034,145.9208
127.3600006,145.90178
128.7899933,145.9389
129.6399994,145.92783
129.0299988,146.00117
129.8800049,145.92107
129.6499939,145.887
127.8300018,145.88406
130.7799988,145.99002
130.4600067,145.88583
130.2899933,146.0237
130.5,146.00539
130.6300049,145.94725
131.5700073,145.94504
132.1000061,145.97392
131.1699982,145.9718
132.0500031,145.92882
132.8300018,146.0372
133.6199951,145.95482
135.5500031,145.97867
135.7899933,145.98055
136.6600037,145.98503
135.9400024,145.99934
137.8200073,146.00325
137.0500031,146.00668
136.5500031,146.05069
136.5599976,146.05498
136.3699951,146.03171
136.3699951,146.05695
136.6199951,145.99475
138.3200073,146.00809
136.2799988,145.94632
134.4900055,146.00009
133.2899933,145.91779
131.4700012,145.94626
131.1999969,145.99623
131.8200073,145.96625
131.1499939,145.94537
131.4299927,145.8791
133.0099945,145.84964
132.6499939,145.65678
135.4499969,145.7587
135.0700073,145.83647
136.8699951,145.8715
136.7599945,145.9692
135.9499969,145.99278
135.7700043,146.01479
136.3200073,146.02943
136.3500061,146.0727
137.3200073,146.02235
138.1499939,146.06314
138.2799988,145.96364
138.2799988,146.00778
138.6799927,145.94862
139.0200043,145.96518
138.5500031,146.00392
139.8300018,146.02618
140.5599976,146.01169
140.7400055,146.02518
140.3699951,146.01303
142.8600006,145.98587
144.3899994,146.00105
145.0599976,146.01573
144.5399933,146.02393
144.5599976,146.00148
143.8699951,146.05672
144.2700043,146.0545
143.6000061,146.0649
142.8500061,146.05191
141.3699951,146.07776
142.1399994,146.02405
142.5299988,145.995
142.5399933,145.94707
141.9700012,145.96002
141.6600037,145.90182
140.2100067,145.94768
140.2700043,145.92053
140.7299957,145.95609
143.3800049,145.9468
142.8300018,146.00133
142.7700043,145.94768
141.8899994,145.9286
141.1799927,145.91536
141.6199951,145.99496
141.6000061,145.98738
142.1000061,146.04219
142.5299988,146.0176
142.7700043,146.02745
142.3899994,145.9246
142.7599945,145.95015
141.9700012,145.95583
141.9600067,145.98317
141.3399963,146.01955
141.5299988,146.00122
141.2799988,146.01227
140.6100006,145.98718
140.5399933,145.97871
142.2400055,145.94235
140.75,145.97037
140.7700043,145.93207
141.5099945,145.95662
141.1600037,145.93767
140.5099945,145.99069
139.7299957,145.96396
140.5599976,145.97238
140.3699951,145.98431
139.3600006,146.01532
140.1000061,145.92357
140.0399933,145.9594
142.3800049,145.97841
141.5599976,145.94156
143.0599976,145.9377
142.7599945,145.95262
141.0599976,145.9883
142.5800018,146.00626
141.5500031,145.9889
141.0800018,146.0572
138.8399963,146.02309
138.9199982,146.04225
140.9499969,145.96686
141.7200012,145.99568
143.8500061,145.9481
142.3399963,145.84943
141.2799988,145.95561
142.1100006,145.89233
142.4299927,145.97185
141.1000061,146.00673
140.1499939,146.04791
139.3800049,146.05815
137.8399963,146.00221
139.1100006,146.0161
139.0399933,145.90347
134.4900055,145.92236
134.0299988,145.94608
135.1300049,145.87642
131.3999939,145.85413
130.75,145.89587
132.7100067,145.84026
130.9499969,145.78905
131.8500061,145.87762
129.1999969,145.73703
127.1100006,145.5573
122.7900009,145.85869
126.9899979,145.89613
122.7900009,145.79005
112.1999969,145.87643
116.2300034,145.91121
108.5,145.49901
118.8899994,145.80289
116.0699997,145.44995
118.2300034,145.23424
116.4599991,145.17232
111.0999985,145.2909
116.3499985,145.39944
121.2900009,145.04832
126.3399963,146.09435
127.2399979,145.6566
125.2200012,146.10544
119.9499969,145.66212
119.9499969,145.98721
117.8199997,146.04347
115.0,146.0578
122.4100037,146.13971
121.9000015,146.07402
123.5400009,145.97168
123.4100037,145.55315
121.2600021,145.32298
124.6399994,145.57816
122.9899979,145.93057
121.8300018,146.00125
124.6100006,145.9865
121.7099991,146.10802
120.6699982,145.9444
121.4300003,145.96057
121.6800003,145.90744
122.5599976,145.88036
124.1999969,145.98724
125.4899979,145.7919
127.8600006,145.81029
123.5899963,145.95247
121.1200027,145.78351
120.6999969,145.95306
121.9599991,146.02702
121.5800018,146.0471
121.5199966,146.00288
121.5199966,145.9536
123.6200027,145.8048
120.1699982,145.8371
117.7600021,145.54433
116.9499969,145.81339
116.8899994,145.91365
119.4700012,145.99199
118.2200012,145.86978
119.8199997,145.83546
117.9499969,145.72119
117.5599976,145.78262
124.1100006,145.6239
126.8099976,145.78777
128.3600006,145.95389
126.0100021,145.92223
126.4499969,145.98001
126.4800034,145.95001
128.7299957,146.0677
128.1600037,146.07074
131.1000061,146.0756
132.0700073,146.12094
130.5899963,146.00319
131.0099945,145.99281
124.4400024,145.88329
127.8199997,146.04294
127.4000015,146.03682
129.6000061,146.0628
128.8800049,145.98997
129.1199951,145.92178
127.7900009,145.86563
128.1300049,145.66284
129.0899963,145.94212
127.8000031,145.7061
127.7699966,146.07263
126.1600037,145.92749
126.8899994,145.99171
125.6299973,145.89429
124.1399994,145.92484
126.3899994,145.88649
126.9800034,145.89767
124.9599991,145.92035
125.4100037,145.78844
123.8300018,145.84361
124.9700012,145.83359
125.0500031,145.94707
126.4300003,145.88171
127.3300018,145.89992
126.4899979,145.95128
127.0599976,145.9004
127.2799988,145.80536
126.2699966,145.97247
126.2600021,145.9416
125.8600006,146.0143
125.2099991,145.98312
127.5699997,145.99483
125.4599991,145.95268
123.9899979,145.89026
122.4599991,145.92043
119.3399963,145.8891
120.9400024,145.90538
122.9100037,145.91206
124.8199997,145.89143
128.3399963,145.7965
129.9600067,145.80127
130.5700073,145.58112
133.75,145.75298
136.4400024,145.91322
135.6399994,145.99722
134.2200012,146.10156
135.5299988,146.10394
136.0800018,146.10661
135.2100067,146.11853
134.0899963,146.09198
133.8300018,146.05623
134.7599945,146.06953
134.7899933,146.02808
134.8899994,145.93224
133.5599976,145.90926
133.9199982,145.96924
132.4299927,145.9387
132.3000031,145.90993
132.5200043,145.94104
129.9499969,145.94884
133.1699982,145.97578
131.2299957,145.89395
131.1300049,145.90117
130.1799927,145.84973
131.3399963,145.87683
133.7700043,145.89453
134.0299988,145.9034
134.0299988,145.9544
135.0,145.81268
134.25,146.01968
131.2200012,145.90729
132.25,146.0115
133.2899933,146.01231
131.8500061,146.05206
132.9700012,146.0422
136.0099945,145.92001
134.25,145.90308
132.4400024,145.92455
132.4299927,145.87166
131.7299957,145.86655
132.1000061,146.03719
131.2599945,146.0198
132.4299927,145.94447
132.9499969,145.97543
132.0800018,145.966
131.8000031,145.80003
132.6499939,145.83025
131.5299988,145.95085
131.1699982,145.94183
130.6399994,145.97704
130.8800049,145.9356
131.3099976,145.99023
133.1399994,145.94066
133.4199982,145.89963
133.2799988,145.90201
132.8500061,145.9389
132.4600067,145.88506
130.0700073,145.97356
131.3500061,145.99028
131.2899933,146.01898
133.2400055,146.00261
135.8699951,146.0046
134.1600037,145.88512
137.0700073,145.88852
137.1999969,145.86652
139.6399994,145.95525
139.9400024,145.97633
142.4799957,146.05602
139.6900024,146.05893
141.6199951,146.0673
144.1100006,146.0909
142.7400055,146.01804
141.8300018,146.10902
140.9199982,146.03075
142.1300049,146.0782
143.2599945,146.0346
143.8399963,146.06612
141.3099976,145.94635
140.1600037,146.02579
134.4600067,146.01567
136.1399994,145.92879
136.3399963,145.99858
136.8500061,145.97684
138.2799988,145.99507
138.1499939,145.79143
138.7400055,145.76553
140.8800049,145.57074
143.0700073,145.84323
151.0,145.79074
153.5800018,146.05429
152.8500061,146.02525
155.0899963,146.04674
154.6399994,146.07806
153.7700043,146.11667
151.7700043,146.13698
150.7700043,146.14598
151.1600037,146.14159
150.4700012,146.14557
152.6000061,146.08315
153.3399963,145.97298
154.0899963,146.00453
154.5700073,145.90099
153.2899933,145.89926
153.3999939,145.95355
153.5299988,146.01756
152.6699982,146.06917
152.8500061,146.05655
153.3899994,146.07771
151.75,146.03682
150.6499939,146.01843
151.3399963,145.99823
148.4100037,145.96312
148.1300049,146.01013
149.9799957,145.99059
151.3399963,145.94987
147.9499969,145.97581
146.7200012,145.9253
145.9799957,145.861
142.6399994,145.92218
143.3000031,146.01912
140.5200043,145.90825
140.4100037,145.98254
143.1199951,145.96478
148.0700073,145.84189
148.0200043,145.65392
150.8600006,145.72713
152.9299927,145.8123
154.0,145.80157
161.5599976,146.06248
158.9400024,146.04533
160.4900055,146.11908
156.4799957,146.13246
156.5299988,146.13812
153.4499969,146.12956
153.5500031,146.13531
152.4400024,146.13603
152.7299957,146.07578
152.4499969,146.11507
149.2599945,145.71782
147.9299927,145.94003
149.3399963,145.6686
149.2100067,145.94437
148.8300018,145.8575
146.8500061,145.94322
148.5200043,145.86128
148.2299957,145.91623
151.5399933,145.91344
151.8800049,145.8788
150.3600006,145.93925
150.5299988,146.02277
152.8999939,145.96242
152.1000061,146.03531
153.6399994,146.02626
157.7100067,146.08559
158.5800018,146.03574
154.4799957,146.08684
151.3399963,146.02296
150.6699982,146.02966
150.6699982,146.0922
153.3699951,146.11859
154.8999939,146.0607
153.8699951,146.03825
156.0599976,145.99413
154.1600037,145.82744
155.3800049,145.77791
153.6499939,145.97302
154.6999969,146.0584
153.3800049,146.08482
154.2799988,146.08383
154.0899963,146.0669
155.7700043,145.97145
156.2200012,146.0563
157.3099976,145.92241
157.5700073,146.03622
156.4100037,145.95706
154.1000061,146.05832
155.1399994,146.02263
154.7799988,146.08208
154.9900055,146.0641
153.5399933,146.0749
152.8099976,146.00612
153.2599945,146.0064
152.4299927,145.95987
150.7700043,145.95981
152.2299957,145.92719
150.5899963,146.01213
151.4199982,145.96286
152.9600067,145.97083
153.6499939,145.90874
155.0599976,145.96736
152.2400055,145.96805
153.5200043,145.97032
155.2299957,145.98134
155.8500061,146.06778
158.6799927,146.04071
160.6600037,146.05606
159.2899933,146.06331
160.2200012,146.0365
161.1600037,146.06458
162.7799988,146.04228
162.2400055,146.11546
164.0200043,146.10992
165.5500031,146.09483
165.9799957,146.10179
172.3399963,146.09332
176.6300049,146.04497
179.6699982,146.09688
182.4100037,146.09622
180.8000031,146.10495
179.6100006,146.11945
180.5399933,146.14561
180.1799927,146.15349
181.4700012,146.154
181.4700012,146.15839
182.4499969,146.14055
183.8399963,146.11336
185.1999969,146.08952
177.0299988,146.04443
178.8800049,146.06664
179.3899994,146.10464
177.7100067,146.09715
177.6699982,146.12003
178.1000061,146.0398
177.0700073,146.05275
176.7299957,145.99693
174.8399963,146.00963
175.4799957,145.76236
176.0299988,146.08624
174.9299927,146.0489
175.6499939,146.01353
174.2299957,146.02455
177.7899933,146.03569
178.8999939,146.01086
179.1799927,146.03584
180.0,146.0294
178.9299927,146.05746
178.1300049,146.08588
176.3000031,146.0765
178.1199951,146.11479
179.6799927,146.09871
177.9900055,146.12488
179.8500061,146.08218
179.5,146.03409
178.4400024,146.05342
179.8699951,146.03975
181.4199982,146.05884
181.4199982,146.07343
181.8800049,146.1033
185.9499969,146.08937
182.1799927,146.04993
182.8600006,146.1054
180.7200012,146.08633
180.5700073,146.0901
179.8999939,146.1284
181.3800049,146.10796
180.9400024,146.0986
181.3399963,146.05748
180.6000061,146.09116
178.1699982,145.89842
175.7299957,146.0653
168.5500031,146.02141
168.5500031,146.08084
168.7400055,146.06458
171.0200043,146.0687
173.75,145.97913
171.5899963,145.81128
173.8800049,145.70457
172.8600006,145.59268
174.2299957,145.86214
176.2100067,145.90868
176.2400055,146.09691
179.2700043,146.11008
181.6399994,146.10439
180.0,146.10922
180.0700073,146.05865
176.3000031,146.11737
178.4600067,146.1052
179.3899994,146.13174
181.7100067,146.12878
181.9400024,146.10843
180.9499969,146.09033
176.7100067,146.07323
181.8999939,145.99283
181.5899963,146.08907
182.7899933,146.06116
182.5700073,146.12471
186.5200043,146.06506
184.8500061,146.09761
185.4499969,146.05118
177.75,146.08775
177.6199951,146.05287
171.8099976,146.1475
172.1399994,146.09882
166.9700012,146.12138
169.4700012,146.01366
171.9700012,146.05301
175.1499939,145.56732
177.1300049,145.79408
175.7700043,145.06935
175.5099945,145.89214
176.2700043,145.76039
178.5500031,146.09488
178.6699982,146.0746
177.75,146.13982
174.0200043,146.12663
173.3999939,146.11305
172.2299957,146.10242
173.1999969,146.07133
174.0899963,146.09192
176.4799957,146.06071
176.5700073,146.04507
179.9799957,145.92961
179.6100006,145.94809
181.0700073,145.93605
181.4799957,146.08043
179.2799988,146.08641
180.4799957,146.12822
176.3200073,146.1208
177.3600006,146.13376
179.0299988,146.10925
184.3999939,146.11789
184.3899994,146.07028
187.4299927,146.03917
186.2100067,146.02562
184.6499939,145.97646
185.9600067,146.11388
185.0899963,146.08333
185.0599976,146.14705
184.8099976,146.13864
179.8300018,146.14145
177.4700012,146.0848
177.8500061,146.09967
178.2899933,146.04376
183.1600037,146.04457
182.4600067,146.0394
184.5899963,145.9235
187.4400024,145.9111
182.4799957,145.93588
180.7700043,145.9777
182.3500061,146.08182
176.1199951,146.1321
180.7799988,146.13423
186.75,146.13536
187.3399963,146.05537
184.0399933,146.06827
181.9499969,145.98227
182.8200073,145.86949
181.3600006,146.06982
183.7799988,146.13454
185.8999939,146.07169
184.75,146.13828
183.6799927,146.11516
184.0800018,145.99446
185.3000031,145.98576
186.2899933,146.069
199.1900024,146.1118
196.9499969,146.08217
199.75,146.10939
200.4400024,146.09764
200.3500061,146.0707
201.8999939,146.14528
206.6100006,146.15128
211.3699951,146.16058
210.6900024,146.15416
207.4700012,146.1639
202.4199982,146.10194
201.4700012,146.14818
199.7700043,146.15065
197.6999969,146.15166
197.0099945,146.14925
194.1699982,146.13083
189.9600067,146.08177
193.1300049,145.87947
198.4499969,145.8207
196.4299927,145.83632
199.6600037,145.97249
199.5299988,145.88635
196.8800049,145.94841
197.2400055,146.06982
200.3200073,146.07935
201.3699951,146.11893
194.4100037,146.14742
192.7100067,146.14206
188.9700012,146.0665
189.3999939,146.12598
190.3000031,146.10674
186.5399933,146.04414
188.9700012,146.0636
185.6399994,145.98683
183.8399963,145.91255
182.2299957,145.6638
185.3800049,145.96536
182.9499969,145.99577
181.7100067,146.03773
179.1499939,146.03569
176.0899963,145.85403
170.75,146.0727
160.1699982,145.93149
156.3399963,146.02637
164.0500031,145.98032
164.4299927,146.02194
158.2700043,145.6244
161.0899963,145.22815
165.9299927,144.83273
171.8899994,145.19301
171.7400055,145.48628
171.7400055,145.5084
171.8000031,146.00282
172.8200073,146.13454
175.7799988,146.1134
180.2700043,146.09135
178.4299927,146.15182
178.4299927,146.14432
184.8099976,146.13474
180.6199951,146.08827
180.25,146.12383
180.3699951,146.1246
182.5800018,146.13004
177.6600037,146.14311
176.5200043,146.13057
174.4900055,146.07896
170.7799988,146.07506
169.6399994,146.13002
165.7299957,145.89496
168.4400024,146.0263
167.2599945,145.9494
170.2700043,145.92673
171.4499969,145.5637
175.4499969,145.7224
173.6699982,145.82289
169.5299988,145.78831
172.1600037,146.03737
166.8200073,146.02434
168.0399933,146.1383
172.9700012,146.10188
171.0,146.11409
170.6900024,146.07385
172.0599976,146.01959
174.8500061,145.8944
169.9299927,145.93541
173.3000031,146.09465
168.4700012,145.9951
166.4499969,146.10425
157.0599976,146.13011
158.5399933,146.00401
161.3300018,146.08345
159.2100067,146.02263
159.9799957,146.02376
155.4799957,145.24467
155.8899994,145.82204
158.6600037,145.33466
161.3500061,145.7958
160.6000061,145.68451
161.0299988,146.0238
165.5299988,146.02031
166.8300018,145.8879
166.3699951,146.05856
168.6999969,145.99944
170.2400055,146.1027
164.8099976,146.12631
165.5800018,146.12405
166.25,146.10158
166.25,146.11897
164.5099945,146.13611
161.3000031,146.06741
155.5,146.029
155.1600037,146.03816
156.75,146.0276
154.4600067,145.83858
153.9499969,146.00566
159.0899963,145.82349
159.1399994,145.70073
157.5200043,145.64442
159.0800018,145.6773
156.5299988,145.7235
157.1100006,146.04675
155.6699982,146.08214
154.1699982,146.03944
155.4700012,146.07619
154.6699982,146.09602
152.8300018,145.99768
157.1499939,145.91377
156.7599945,145.99274
155.1699982,145.88364
155.4299927,145.98758
155.4400024,145.92354
153.1399994,146.00815
156.6999969,146.05922
156.75,146.03233
160.4199982,146.0069
157.8999939,146.08502
159.1799927,145.94043
160.3000031,145.98708
159.4199982,146.03313
158.0599976,146.08882
160.0500031,146.0397
159.5099945,146.12033
162.5899963,146.05939
166.7700043,146.09534
163.6600037,145.95984
163.1300049,146.06197
156.6600037,146.03815
157.3099976,146.05417
156.1999969,146.09343
152.9400024,146.11708
157.8899994,146.08566
158.6000061,146.02638
161.3099976,145.9919
160.4600067,145.55136
159.4199982,145.75847
160.7700043,145.71602
159.1300049,146.04025
156.4600067,146.07932
154.3200073,146.05663
153.4799957,146.12883
154.5,146.06526
156.0,146.06142
151.7700043,145.9398
151.7700043,145.86926
150.1699982,145.90276
149.3699951,145.81352
146.8000031,145.89836
145.5599976,145.9074
143.9400024,145.96762
143.3399963,145.93604
144.1300049,145.92957
145.5899963,145.61269
145.0399933,145.85573
140.2299957,145.72029
141.4700012,145.78804
140.4499969,145.778
140.7400055,145.93661
141.4499969,145.9632
140.7299957,145.9275
137.5800018,145.95425
139.0500031,145.88445
137.2799988,145.8601
135.6199951,145.76418
135.7400055,146.01207
136.8899994,145.88353
133.7599945,145.94199
130.2899933,145.88152
135.5899963,145.82195
139.8500061,145.72878
138.0899963,145.961
136.1699982,145.7913
135.8500061,145.74548
134.8600006,145.91666
135.0599976,146.01584
135.0,145.9827
136.3800049,146.00009
134.1100006,146.09496
136.1600037,146.00223
134.2599945,145.78264
132.9700012,145.83356
133.2400055,145.95963
133.7599945,145.91054
134.7400055,145.99544
137.0700073,145.92969
137.9299927,145.96024
136.4700012,145.80124
139.5200043,145.97269
138.8099976,145.88219
135.1600037,145.99263
135.3899994,146.0514
135.25,146.04404
137.3500061,146.06607
137.2599945,146.05591
137.5,145.97707
134.5299988,145.87062
140.5200043,145.96303
143.2599945,145.89061
142.1199951,145.85336
143.75,146.02618
142.1199951,145.9545
142.9299927,146.06313
143.1900024,146.04176
142.1600037,146.08034
145.3300018,146.05472
146.7100067,146.1189
148.2700043,146.05844
146.5099945,145.95071
145.3999939,146.01604
147.6900024,145.98415
147.6600037,146.05827
146.5299988,146.07918
143.1900024,146.04584
141.0899963,146.08229
141.8600006,146.03395
142.2799988,146.02429
143.3399963,145.95454
144.1199951,145.91779
144.5,145.93803
144.6499939,145.7954
141.6600037,145.7958
140.4299927,145.84456
139.6100006,145.97427
138.8300018,146.054
137.4600067,146.04178
137.0,146.00203
137.1399994,145.9425
136.1600037,145.85419
134.1300049,145.82614
137.4100037,145.68018
136.5800018,145.8217
138.2799988,145.85977
137.1900024,145.86745
135.5200043,145.82256
138.9700012,145.9384
139.9400024,145.9439
139.1399994,145.99182
138.8500061,145.95386
142.3600006,146.04846
140.3000031,145.96632
144.7700043,146.03621
145.5099945,145.99713
144.1799927,145.98929
146.1100006,146.09239
146.0299988,146.01524
146.0099945,146.05473
146.1499939,146.06284
145.4700012,146.10548
147.1600037,146.0246
145.1799927,146.09935
147.1100006,146.0317
148.5800018,145.98546
146.6199951,146.04008
144.7100067,146.00714
143.7899933,145.97871
144.6399994,146.02075
143.8300018,146.0123
144.8300018,146.04938
143.4199982,145.92993
143.8600006,145.98708
142.6499939,145.9465
140.9700012,145.8255
142.6999969,145.92465
142.8500061,145.94759
139.1799927,146.00761
138.6499939,145.92345
138.9499969,145.95212
136.0500031,145.89397
136.25,145.96706
135.9199982,145.87654
136.5299988,145.85379
137.2700043,145.93329
139.8300018,145.80125
140.1300049,145.6801
139.0800018,145.85097
139.7100067,145.92264
138.5200043,145.86104
137.9700012,146.03409
137.1199951,146.03578
136.6699982,146.04973
133.5800018,146.03802
135.8999939,146.02701
133.4799957,145.94394
135.1300049,145.8707
135.7799988,145.92471
135.5700073,145.77013
135.8699951,145.87836
136.6499939,145.79752
136.6499939,145.92125
137.9299927,145.85098
139.6699982,146.03899
139.6199951,145.92168
141.6900024,146.03806
142.3399963,146.00388
142.1399994,146.00488
140.4199982,146.0376
138.8699951,146.04916
138.0099945,146.05772
137.5899963,146.07289
136.4400024,146.07181
137.2299957,146.00261
135.9600067,145.9994
137.75,145.8893
137.0399933,145.83391
135.2599945,145.76881
133.8000031,145.85257
134.6699982,145.87494
134.8399963,145.95583
133.5099945,145.92691
134.0200043,145.9746
137.5200043,145.85008
137.3300018,145.94875
136.6900024,145.8556
135.1600037,145.8452
135.5700073,145.90344
134.9100037,146.02217
137.5399933,146.01648
137.8099976,146.00632
140.8500061,146.00833
143.5899963,146.0348
142.6699982,145.88162
143.2700043,145.95227
142.3999939,145.95786
141.1300049,146.06787
142.0200043,146.0768
142.5099945,146.10997
142.2200012,146.07803
141.1900024,146.07872
139.5500031,146.03015
139.3300018,145.92184
139.6000061,145.97865
140.0800018,145.95468
137.7299957,145.94455
136.1300049,145.96727
140.6499939,145.9198
146.0,145.88759
145.7299957,145.90547
148.4799957,145.87172
145.3099976,145.9003
146.8600006,145.97237
148.6399994,146.05798
149.5899963,146.06367
158.0800018,146.11346
165.5700073,146.12596
168.1799927,146.11642
164.3500061,146.01085
157.1499939,146.0823
156.5,146.08553
157.1100006,146.15071
153.3800049,146.1581
154.5500031,146.15277
157.1799927,146.14789
160.1100006,146.07048
160.3999939,145.80388
160.75,145.4202
160.4700012,145.53848
161.8999939,145.98419
160.8300018,146.07266
161.7700043,146.04332
160.2400055,146.11746
158.4199982,146.11032
159.2700043,146.10243
160.3500061,146.04404
159.1499939,146.05856
159.4499969,146.01846
163.1900024,146.02605
163.9700012,145.95374
163.2799988,146.02017
162.8099976,145.97011
164.5299988,145.9998
165.5599976,146.08267
165.6999969,146.09276
165.4299927,146.076
167.1499939,146.08504
168.2400055,146.1097
171.8399963,146.06879
173.8500061,146.0619
168.5700073,146.06787
170.7899933,146.0983
173.3899994,146.08861
170.2899933,146.10748
167.2299957,146.11884
167.6600037,146.11125
167.2799988,146.09993
166.6999969,146.10504
165.3899994,146.06609
162.2400055,145.86514
162.2799988,146.04703
161.8699951,146.00804
162.7899933,145.863
164.9900055,145.9107
165.9100037,145.9701
162.7799988,145.92366
164.4600067,145.89897
167.25,145.94418
167.3899994,145.98238
168.0500031,146.08328
172.1300049,146.05733
172.5399933,146.07877
175.3699951,146.0896
178.8300018,146.0823
178.8699951,146.05203
177.1300049,146.12814
178.6699982,146.12987
181.2799988,146.1262
183.9799957,146.13708
187.9799957,146.14763
189.1999969,146.11813
188.9600067,146.12572
195.0399933,146.12303
188.75,146.1119
186.3000031,146.129
187.1000061,146.14888
184.8399963,146.14883
180.5,146.15253
182.3899994,146.1357
182.4199982,146.09866
179.75,146.02573
178.4600067,146.07979
173.6499939,145.59392
169.4499969,145.92532
173.0399933,146.00978
173.1799927,145.94412
174.1199951,145.90663
177.1499939,145.98634
178.0299988,145.77652
181.6000061,145.73009
177.6799927,145.88223
179.1000061,145.94017
178.2200012,146.05878
175.9799957,146.13824
174.6999969,146.12975
173.4799957,146.1157
173.8099976,146.12785
174.1199951,146.07033
175.1799927,146.08098
171.6100006,145.8702
172.8099976,146.01135
171.3999939,145.95265
175.1799927,145.95628
185.7799988,146.0362
186.5500031,146.01106
189.5899963,146.05534
189.6499939,146.00899
189.5700073,146.07515
183.4199982,146.11047
184.2200012,146.15295
187.0,146.15665
187.7400055,146.15994
192.0800018,146.16208
189.1100006,146.06943
190.3999939,146.07799
193.3600006,146.0093
187.6799927,146.05894
183.2100067,146.06178
184.2299957,146.1293
188.3000031,146.13916
186.6100006,146.12166
187.1600037,146.11748
189.5099945,145.93513
189.7799988,146.00024
192.7400055,146.05502
187.3699951,145.89757
187.9900055,146.05391
189.8899994,146.12395
190.2400055,146.1352
187.2799988,146.10995
187.0800018,146.10135
184.8000031,146.11116
185.4799957,146.06516
183.4199982,146.10588
180.6199951,145.95798
183.2799988,146.0869
183.9499969,146.05315
179.9400024,146.02545
180.8600006,145.9191
178.5299988,145.99144
179.8500061,145.97684
179.8500061,146.0581
181.1100006,145.99564
183.3800049,146.01247
181.3699951,146.05792
181.5500031,146.03325
182.9700012,145.93622
187.0700073,146.09056
187.8899994,146.07385
185.9900055,146.10985
192.7200012,146.0943
194.9499969,146.09978
195.6799927,146.12471
195.6000061,146.10388
194.1399994,146.12451
200.0800018,146.1437
200.6699982,146.15027
201.4199982,146.14532
201.3999939,146.13217
200.7200012,146.15158
199.5599976,146.13646
198.0599976,146.12796
201.6600037,146.13744
201.8500061,146.12714
199.6999969,146.1488
202.1799927,146.09732
202.5399933,146.07922
203.0299988,146.09096
218.8600006,146.09236
223.0500031,146.09602
226.3099976,146.10718
224.4600067,146.1341
225.8600006,146.11444
231.0,146.1531
227.0299988,146.16449
228.5399933,146.16624
227.3600006,146.16493
226.7700043,146.1675
227.0899963,146.15802
234.4499969,146.14871
235.0,146.13449
238.1300049,146.13586
238.0399933,146.14404
237.2899933,146.06656
240.5500031,146.14914
246.0399933,146.14557
243.8399963,146.15845
248.1900024,146.1579
252.3999939,146.16267
247.9400024,146.14877
242.8200073,146.15923
235.4600067,146.15253
237.9499969,146.1585
232.8300018,146.16307
230.9700012,146.16159
234.6199951,146.1259
238.6600037,146.10768
244.3200073,146.07022
246.7200012,145.67534
251.4799957,145.86148
254.7700043,145.9467
252.4100037,146.14317
253.7200012,146.14095
252.1499939,146.16068
252.1499939,146.1662
242.1499939,146.16605
239.8899994,146.16515
241.7799988,146.16081
239.1600037,146.15701
240.7400055,146.14885
244.2100067,146.03658
246.9299927,146.06168
244.7899933,145.95726
246.9900055,146.01973
242.9700012,145.91208
241.6699982,146.13007
236.5200043,146.15538
233.9700012,146.14319
231.8399963,146.15736
228.7200012,146.14879
230.3000031,146.13664
230.4100037,146.02914
232.8800049,146.06966
225.3600006,145.85649
226.7100067,145.95529
227.9400024,145.933
227.3099976,146.05559
226.8300018,146.1136
230.8000031,146.07059
232.8699951,146.12508
235.6000061,146.08978
231.2599945,146.12059
231.7799988,146.01662
227.2400055,146.14542
218.7799988,146.1475
215.6399994,146.15158
217.1199951,146.14494
219.5500031,146.15327
215.6300049,146.11034
219.7599945,146.0292
219.7599945,145.59682
219.3600006,145.8682
216.6300049,145.85141
214.7200012,145.86131
216.8399963,146.1109
218.7200012,146.13457
213.9499969,146.14064
214.1699982,146.07356
217.5099945,146.12851
212.1699982,146.08235
210.3800049,146.09949
208.3300018,146.0654
210.0399933,146.09181
206.3600006,146.12576
208.0200043,146.0964
205.3099976,145.99446
205.6499939,146.04553
199.3500061,146.09029
197.1300049,145.85869
195.1999969,146.06302
194.1399994,146.02757
194.5399933,146.09946
193.5800018,145.89436
198.9799957,146.01756
206.2200012,145.75945
203.1799927,145.91835
203.8800049,145.74669
204.9700012,145.99529
203.7100067,146.08946
206.2100067,146.14037
206.25,146.14915
206.4499969,146.1485
204.9400024,146.15463
201.6699982,146.1476
205.8800049,146.08157
203.7299957,146.12265
207.5899963,146.12794
206.9100037,146.09819
206.6000061,146.10631
204.3899994,146.09036
199.8500061,146.07404
197.1499939,146.10936
200.1399994,146.09511
200.7899933,146.14651
197.1999969,146.07784
195.25,146.10057
192.5200043,145.9375
192.4799957,145.98256
193.1100006,145.99023
193.5500031,145.9819
179.0700073,146.02959
173.0200043,146.06223
168.3500061,145.98662
169.6000061,145.90274
167.1799927,146.03044
169.3699951,145.74896
168.5899963,145.60744
167.9700012,144.97469
172.3899994,145.09125
177.0099945,144.34624
181.7899933,145.70206
182.6699982,145.8781
183.6999969,146.067
181.3399963,146.04846
183.6199951,146.13197
181.5,146.1406
185.0899963,146.14862
180.5700073,146.15822
185.75,146.14536
185.75,146.13715
187.7700043,146.0692
189.8000031,146.1033
186.1499939,146.005
184.7100067,146.12334
182.8000031,146.06175
177.1799927,146.13998
176.0800018,146.08705
174.1799927,146.14201
174.6900024,146.07753
176.1799927,146.05069
175.3899994,145.93127
176.2299957,145.6301
173.1499939,145.71524
176.7100067,145.80959
183.4700012,145.8112
184.0700073,146.03297
184.0700073,146.05095
183.5299988,146.05565
184.1600037,146.0898
189.3600006,146.10367
182.8200073,146.13643
178.5700073,146.12762
178.0599976,146.147
180.5,146.14458
176.1699982,146.11592
180.0200043,146.07625
177.3200073,146.03517
175.7599945,145.96082
173.9900055,146.05035
174.3500061,145.58014
174.0599976,145.98662
174.0599976,146.03195
169.5500031,146.07782
171.5,145.85408
171.1999969,146.06833
171.5299988,145.89845
169.1699982,145.99702
169.9299927,145.93816
171.3300018,146.02185
170.4299927,145.97441
172.0,146.02797
176.6300049,145.90048
176.0299988,146.0746
175.2100067,146.0305
173.0200043,146.05011
172.8300018,146.0383
172.6999969,146.11566
174.7299957,146.12082
175.1499939,146.10493
178.4499969,146.0976
172.0299988,146.09793
174.1000061,145.97388
174.9900055,146.02658
172.3500061,146.03423
173.4799957,146.10938
172.8399963,146.06271
174.7799988,146.09727
175.3899994,146.03354
172.9100037,146.06772
173.3800049,145.86424
174.3999939,146.07593
175.8300018,146.07285
172.5200043,146.03235
169.7200012,146.0852
170.6300049,146.05261
175.8099976,146.07938
176.0,146.0739
174.7799988,146.00204
174.3999939,146.03348
175.9499969,146.0068
177.0099945,146.06247
175.7100067,146.02852
178.1499939,146.08293
176.8999939,146.10927
175.8600006,146.12602
174.25,146.07042
173.2799988,146.056
173.6199951,146.09312
174.2100067,146.09557
